<?xml version="1.0" encoding="iso-8859-1" standalone="yes" ?>

<!--
    A sample installation file.
    Use it as a base for your own installers :-)

    To compile it :
    - go in the bin directory where you installed IzPack
    - call "compile ../sample/install.xml -b ../sample"
-->

<installation version="1.0">

    <!--
        The info section.
        The meaning of the tags should be natural ...
    -->
    <info>
        <appname>TBA Client</appname>
        <appversion>1.0</appversion>
        <authors>
            <author name="Dan McGrath" email="danmcg.au@gmail.com"/>
            <author name="Joseph Neasy" email="jn784@uow.edu.au"/>
            <author name="Charles Jap" email="ckj866@uow.edu.au"/>
            <author name="Kyle Seton" email="kts671@uow.edu.au"/>
        </authors>
        <url>http://sourceforge.net/projects/diarymanagement/</url>
    </info>

    <!--
        The gui preferences indication.
        Sets the installer window to 640x480. It will not be able to change the size.
    -->
    <guiprefs width="640" height="480" resizable="yes"/>

    <!--
        The locale section.
        Asks here to include the English and French langpacks.
    -->
    <locale>
        <langpack iso3="eng"/>
    </locale>

    <!--
        The resources section.
        The ids must be these ones if you want to use the LicencePanel and/or the InfoPanel.
    -->
    <resources>
        <res id="LicencePanel.licence" src="Licence.txt"/>
        <res id="InfoPanel.info" src="Readme.txt"/>
    </resources>

    <!--
        The panels section.
        We indicate here which panels we want to use. The order will be respected.
    -->
    <panels>
        <panel classname="HelloPanel"/>
        <panel classname="InfoPanel"/>
        <panel classname="LicencePanel"/>
        <panel classname="TargetPanel"/>
        <panel classname="PacksPanel"/>
        <panel classname="InstallPanel"/>
        <panel classname="FinishPanel"/>
    </panels>

    <!--
        The packs section.
        We specify here our packs.
    -->
    <packs>
        <pack name="Base" required="yes">
            <description>The actual application</description>
            <file src="Readme.txt" targetdir="$INSTALL_PATH"/>
            <file src="Licence.txt" targetdir="$INSTALL_PATH"/>
            <file src="../tbaClient.jar" targetdir="$INSTALL_PATH"/>
            <file src="../lib" targetdir="$INSTALL_PATH"/>
        </pack>
        <pack name="Manual" required="No">
            <description>The user manual</description>
            <file src="UserManual.pdf" targetdir="$INSTALL_PATH/Manual"/>
        </pack>
    </packs>
</installation>
