<?xml version="1.0" encoding="UTF-8"?>
<!DOCTYPE jhelpdev PUBLIC "-//jhelpdev.sourcefore.net//JHelpDev Configuration Settings 1.2" "http://jhelpdev.sourceforge.net/dtd/jhelpdev_1_2.dtd"><!--generated by JHelpDev Version: 0.61, 18 January 2006, see jhelpdev.sourceforge.org-->

<jhelpdev version="1.2">
 <config>
  <project>
AOIHelp
  </project>
  <projectdir>
/home/nik/local/HelpPlugin/AOIHelp/helpset
  </projectdir>
  <startpage>
aoi-welcome.html
  </startpage>
  <popupicon>
images/popup.gif
  </popupicon>
 </config>
 <view>
  <helptitle>
Help
  </helptitle>
  <toc showing="yes" label="TOC"/>

  <index showing="yes" label="Index"/>

  <search showing="yes" label="Search"/>

 </view>
 <encoding value="UTF-8"/>

</jhelpdev>
