<?xml version="1.0"?>

<project name="ArtOfIllusion" default="dist" basedir=".">

  <!-- set global properties for this build -->
  <property name="src" value="ArtOfIllusion/src" />
  <property name="build" value="ArtOfIllusion/build" />
  <property name="docs" value="ArtOfIllusion/docs" />
  <property name="lib" value="lib" />
  <property name="dist" value="." />
<!--  <property name="build.compiler" value="classic" /> -->

  <!-- set of all library jars -->
  <fileset id="libraries" dir="${lib}" includes="*.jar" />

  <!-- set of all subproject build files -->
  <fileset id="subproject.files" dir="." includes="*.xml" excludes="${ant.project.name}.xml" />

  <target name="init">
    <!-- Create the time stamp -->
    <tstamp/>
    <!-- Create the build directory structure used by compile -->
    <mkdir dir="${build}" />
    <!-- Create the docs directory structure used by documentation -->
    <mkdir dir="${docs}" />
  </target>

  <target name="compile" depends="init">
    <!-- generate a classpath from the "libraries" fileset -->
    <pathconvert property="classpath" refid="libraries" />

    <!-- Compile the java code from ${src} into ${build} -->
    <javac srcdir="${src}" destdir="${build}" classpath="${classpath}" debug="on" target="1.5" source="1.5" />
  </target>

  <target name="core" depends="compile">
    <!-- generate a Manifest classpath from the "libraries" fileset-->
    <pathconvert pathsep=" " dirsep="/" property="libraries" refid="libraries">
      <map from="${basedir}/" to="" />
    </pathconvert>

    <!-- jar all the required files -->
    <jar destfile="${dist}/ArtOfIllusion.jar">
      <fileset dir="${build}"/>
      <fileset dir="${src}" includes="**/*.xml, **/*.properties, **/*.png, **/*.jpg, **/*.gif" />
      <manifest>
        <attribute name="Main-Class" value="artofillusion.ArtOfIllusion"/>
        <attribute name="Class-Path" value="${libraries} jmf.jar"/>
      </manifest>
    </jar>
  </target>

  <target name="dist" depends="core" >
    <!-- execute default target for all found Ant files -->
    <subant target="" >
      <fileset refid="subproject.files" />
    </subant>
  </target>

  <target name="docs" depends="init">
    <javadoc packagenames="artofillusion.*"
        sourcepath="${src}"
        classpath="${lib}/*.jar"
        source="1.5"
        defaultexcludes="yes"
        destdir="${docs}"
        author="true"
        version="true"
        use="true"
        windowtitle="Art of Illusion Documentation"
	public="true">
      <doctitle><![CDATA[<h1>Art of Illusion</h1>]]></doctitle>
      <bottom><![CDATA[<i>Copyright &#169; 1999-2011 by Peter Eastman.</i>]]></bottom>
    </javadoc>
  </target>

  <target name="clean">
    <!-- Delete the ${build} and ${docs} directory trees -->
    <delete dir="${build}" />
    <delete dir="${docs}" />

    <!-- execute the "clean" target for all found subproject ant files -->
    <subant target="clean">
      <fileset refid="subproject.files" />
    </subant>
  </target>
</project>
